Taxon_family,Genus,Species,Taxon_name,Taxon_ID,Genus_species,G_species,RAB #,Museum,Specimen #,SVL_mm,Mass_g,HeadGirth_mm,BodyGirth_mm,Dice File Name,Skeletal File Name,Date Skeletal Scanned,Date Stained,Date Dice Scanned,Days Stained,Preservation_age
Aniliidae,Anilius,scytale,Ansc,Ansc1140,Anilius_scytale,A. scytale,RAB1140,UMMZ,248356,495,14.27,7.14,6.62,ummz-herps-248356_Anilius-scytale_skulldice,ummz-herps-248356_Anilius-scytale_skull,11/12/2019,11/15/2019,11/19/2019,4,2.98
Colubrinae,Chironius,fuscus,Chfu,Chfu0381,Chironius_fuscus,C. fuscus,RAB0381,UMMZ,245047,708,90,10.77,10.11,ummz-herps-245047_Chironius-fuscus_skulldice,ummz-herps-248047_Chironius-fuscus_skull,11/13/2019,2/20/2020,2/25/2020,5,3.93
Colubrinae,Pseustes,sulphureus,Pssu,Pssu0562,Pseustes_sulphureus,P. sulphureus,RAB0562,MUSM,37565,1840,1250,30.43,,MUSM-H-37565_Pseustes-sulphureus_dice_RAB-562,MUSM-H-37565_Pseustes-sulphureus_skull_RAB-562,20181003,20181109,20181121,12,2.09
Colubrinae,Lampropeltis,abnorma,Laab,Laab3060,Lampropeltis_abnorma,L. abnorma,RAB3060,UMMZ,247095,247,91.4,11.16,17.11,ummz-herps-247095_Lampropeltis_abnorma_skulldice,ummz-herps-247095_Lampropeltis_abnorma,9/03/2019,9/12/2019,9/18/2019,6,1.32
Colubrinae,Leptophis,ahaetulla,Leah,Leah0932,Leptophis_ahaetulla,L. ahaetulla,RAB0932,MUSM,37345,565,27.66,9.12,,MUSM-H-37345_Leptophis-ahaetulla_dice_RAB-932,MUSM-H-37345_Leptophis-ahaetulla_skull_RAB-932,09/16/57153,10/7/57153,10-12-57153,5,1.95
Colubrinae,Tantilla,melanocephala,Tame,Tame0997,Tantilla_melanocephala,T. melanocephala,RAB0997,UMMZ,246845,255,7.39,5.51,,ummz-herps-246845_Tantilla-melanocephala_dice_RAB-997,ummz-herps-246845_Tantilla-melanocephala_skull_RAB-997,20181003,20181030,20181102,3,1.95
Dipsadinae,Helicops,angulatus,Hean,Hean1967,Helicops_angulatus,H. angulatus,RAB1967,UMMZ,246805,427,63,12.95,15.11,ummz-herps-246805_Helicops-angulatus_skulldice,ummz-herps-246805_Helicops-angulatus,6/17/2019,20190627,20190705,5.5,2.45
Dipsadinae,Helicops,leopardinus,Hele,Hele1812,Helicops_leopardinus,H. leopardinus,RAB1812,UMMZ,246808,685,220,18.72,23.11,ummz-herps-246808_Helicops-leopardinus_skulldice,ummz-herps-246808_Helicops-leopardinus_skull,11/13/2019,12/04/2019,12/13/2019,9,2.9
Dipsadinae,Leptodeira,septentrionalis,Lese,Lese3176,Leptodeira_septentrionalis,L. septentrionalis,RAB3176,UMMZ,247099,654,113.2,14.85,NA,ummz-herps-247099_Leptodeira-septentrionalis_skulldice,ummz-herps-247099_Leptodeira-septentrionalis,8/30/2019,10/10/2019,10/16/2019,6,1.37
Dipsadinae,Oxyrhopus,melanogenys,Oxme,Oxme0938,Oxyrhopus_melanogenys,O. melanogenys,RAB0938,MUSM,37417,230,10.77,6.41,6.55,MUSM-herps-37417_Oxyrhopus-melanogenys_skulldice,MUSM-herps-37417_Oxyrhopus-melanogenys,8/30/2019,9/05/2019,9/11/2019,6,3.47
Dipsadinae,Xenopholis,scalaris,Xesc,Xesc1138,Xenopholis_scalaris,X. scalaris,RAB1138,UMMZ,246854,271,7.61,5.94,NA,ummz-herps-246854_Xenopholis-scalaris_dice_RAB-1138,ummz-herps-246854_Xenopholis-scalaris_skull_RAB-1138,20181220,20180914,20180918,4,1.81
Elapidae,Micrurus,lemniscatus,Mile,Mile0366,Micrurus_lemniscatus,M. lemniscatus,RAB0366,MUSM,35905,725,50,9.31,NA,MUSM-H-35905_Micrurus-lemniscatus_dice_RAB-366_2,MUSM-H-35905_Micrurus-lemniscatus_skull_RAB-366,20181011,20181025,20181029,4,2.61
Elapidae,Micrurus,nigrocinctus,Mini,Mini3053,Micrurus_nigrocinctus,M. nigrocinctus,RAB3053,UMMZ,247142,717,64.8,12.56,14.7,ummz-herps-247142_Micrurus-nigrocinctus_skulldice,ummz-herps-247142_Micrurus-nigrocinctus,8/29/2019,1/23/2020,1/29/2020,6,1.69
Elapidae,Micrurus,obscurus,Miob,Miob0665,Micrurus_obscurus,M. obscurus,RAB0665,UMMZ,246859,261,5.19,6.34,NA,ummz-herps-246859(RAB665)_Micrurus-obscurus_skull_DiceCT,ummz-herps-246859(RAB665)_Micrurus-obscurus_skull,20190320,20190320,20190325,5,2.38
Elapidae,Micrurus,surinamensis,Misu,Misu1101,Micrurus_surinamensis,M. surinamensis,RAB1101,MUSM,37353,421,32.47,10.02,12.14,MUSM-herps-37353_Micrurus-surinamensis_skulldice,MUSM-herps-37353_Micrurus-surinamensis,12/23/2019,1/15/2020,1/22/2020,7,3.16
Lamprophiidae,Aparallactus,capensis,Apca,Apca,Aparallactus_capensis,A. capensis,NA,UMMZ,61599,104,,3.26,4.11,ummz-herps-61599A_Aparallactus-capensis_skulldice,ummz-herps-61599A_Aparallactus-capensis,7/10/2019,7/19/2019,20190723,3,95.62
Lamprophiidae,Atractaspis,bibronii,Atbi,Atbi,Atractaspis_bibronii,A. bibronii,NA,UMMZ,209986,340,,6.61,6.72,ummz-herps-209986_Atractaspis_bibronii_skulldice,ummz-herps-209986_Atractaspis_bibronii,7/15/2019,7/19/2019,20190724,4,25.58
Viperidae,Causus,rhombeatus,Carh,Carh,Causus_rhombeatus,C. rhombeatus,NA,UMMZ,65828,410,,14.55,18.83,ummz-herps-65828_Causus_rhombeatus_skulldice,ummz-herps-65828_Causus_rhombeatus,7/15/2019,7/17/2019,20190725,8,91.62
Viperidae,Lachesis,muta,Lamu,Lamu0321,Lachesis_muta,L. muta,RAB0321,UMMZ,248369,763,145,21.2,19.28,ummz-herps-248369_Lachesis_muta_skulldice,ummz-herps-248369_Lachesis_muta,9/03/2019,9/19/2019,9/30/2019,11,3.53
Viperidae,Porthidium,nasutum,Pona,Pona3230,Porthidium_nasutum,P. nasutum,RAB3230,UMMZ,247139,297,19.1,12.74,9.35,ummz-herps-247139_Porthidium-nasutum_diceCT,ummz-herps-247139_Porthidium-nasutum_skull,11/18/2019,1/30/2020,2/03/2020,4,1.66
Dipsadinae,Imantodes,cenchoa,Imce,Imce0606,Imantodes_cenchoa,I. cenchoa,RAB0606,UMMZ,246810,876,30.76,9.09,,ummz-herps-246810_Imantodes-cenchoa_skulldice,ummz-herps-246810_Imantodes-cenchoa,6/17/2019,20190620,20190625,5,2.67
Viperidae,Bothrops,bilineatus,Bobi,Bobi0065,Bothrops_bilineatus,B. bilineatus,RAB0065,UMMZ,245084,744,85,15.93,10.59,ummz-herps-245084_Bothriopsis-bilineata_skulldice,ummz-herps-245084_Bothriopsis-bilineata,10-17-2019,10-19-2019,10-24-2019,5,3.62
Dipsadinae,Nothopsis,rugosus,Noru,Noru3188,Nothopsis_rugosus,N. rugosus,RAB3188,UMMZ,248404,257,6.41,5.45,5.76,ummz-herps-248404_Nothopsis-rugosus_skulldice,ummz-herps-248404_Nothopsis-rugosus,9/04/2019,09-27-2019,10/01/2019,4,1.33
